00227198-1940-7660-54d5-398e8ee69050	06165	Agente, corretor ou intermediário de títulos em geral, valores mobiliários e contratos quaisquer (profissional autônomo).
006b88dc-702a-97f3-c404-bc6a263ab559	05231	Coleta de sangue, leite, tecidos, sêmen, órgãos e materiais biológicos de qualquer espécie.
00b0fb0f-c5ee-ff9d-15b8-d231bbddb351	03204	Administração em geral, inclusive de bens e negócios de terceiros, exceto imóveis.
00cf118c-3c10-ae8b-8eb0-e4c943a16152	05771	Administração de fundos quaisquer.
02fc69d6-8ad3-cadd-fe93-a5e77174b370	04375	Técnico em enfermagem, inclusive serviços auxiliares (profissional autônomo).
0347eabb-0f96-7416-bca0-0ed3e8c93721	06386	Agente de notícias (profissional autônomo).
03501c49-36e6-3a51-d0c6-cd58dd02a642	06939	Composição gráfica, fotocomposição, clicheria, zincografia, litografia, fotolitografia, estereotipia, serigrafia e outras matrizes de impressão.
037fe9ed-6aa8-46d1-8a48-3bbc765c35c8	05871	Fornecimento ou emissão de atestados em geral, inclusive atestado de idoneidade, atestado de capacidade financeira e congêneres.
039beb84-5068-4588-9ab0-92af09f5d6ed	01090	Escoramento, contenção de encostas e serviços congêneres.
0677feaf-1020-7c24-ef14-ec733a0c1042	06351	Agenciamento de notícias.
0876c4cb-e3df-c5ac-118b-ece3b3d98574	06653	Prestação de serviço não referenciado em outro código do grupo Agenciamento, Corretagem e Intermediação, prestado por profissional autônomo.
08b862c6-7a5b-b4bd-6539-2d5bcbf29161	04197	Clínicas e casas de saúde.
08e468c1-2e50-c759-d12f-c7aa5f8bab12	06637	Serviços de desembaraço aduaneiro, comissários, despachantes e congêneres.
096a14e5-4ba8-d093-274f-e3797e15f0e6	03877	Serviços de registros públicos, cartorários e notariais, exceto autenticação de documentos, reconhecimento de firmas e prestação de informações por qualquer forma ou meio quando o interessado dispensar a certidão correspondente.
0a53da7e-cd99-84c5-e78b-f3a6ed8b78e8	07510	Blindagem .
0a9e8487-0b67-d5f5-b0bb-294eaae17933	04871	Ortóptico (profissional autônomo).
0b0fb421-8f85-297e-ee13-197b9be24c7f	08230	Exibição de filmes, entrevistas, musicais, espetáculos, shows, concertos, desfiles, óperas, competições esportivas, de destreza intelectual ou congêneres.
0b2425b9-414f-8ae9-d0a3-ca5cc5c84c52	02666	Programação.
0b2f86fb-c664-29f4-1b78-188184e0c19b	05875	Emissão, reemissão, alteração, cessão, substituição, cancelamento e registro de contrato de crédito; estudo, análise e avaliação de operações de crédito; emissão, concessão, alteração ou contratação de aval, fiança, anuência e congêneres; serviços relativ
0b406f7b-9746-09a3-6f6f-94f804423bc3	08362	Máquina Eletronicamente Programável ou outra máquina de entretenimento, com distribuição de prêmios.
0bdad294-899b-7b6d-f3a9-9e35a8ed4a4d	06815	Reprografia, microfilmagem e digitalização.
0ce3884c-9fbc-54cd-6092-b67eccf858f7	02919	Suporte técnico em informática, inclusive instalação, configuração e manutenção de programas de computação e bancos de dados.
0d3e8e73-d06a-24cb-4b6a-4a89aad7839b	04391	Fisioterapia.
0d5388b0-2598-73ed-ecbd-5b299c7af4e0	02097	Serviços de assistência social.
0d6c2063-9ef1-4aeb-5779-ea9b807be332	04510	Terapia ocupacional.
0d90baf7-c28e-6036-0911-2719af3b9024	05770	Administração de fundos quaisquer.
0de61006-7aa6-f863-5850-0c1ebc55a5f6	02496	Propaganda e publicidade, inclusive promoção de vendas, planejamento de campanhas ou sistemas de publicidade, elaboração de desenhos, textos e demais materiais publicitários.
0eb8e2fc-6b65-5cc7-f088-7e2d4da24832	07897	Escolta, inclusive de veículos e cargas.
0f4a5c6f-79e8-686c-f1b0-4ae9082820dc	06181	Agente, corretor ou intermediário de direitos de propriedade industrial (inclusive marcas e patentes), artística ou literária (profissional autônomo).
0f4f30ca-4afd-4d85-b97a-3c02d6ae71d4	01032	Demolição. Exclusivo para o ISS – “Habite-se”.
0f7feb9b-721d-0820-8fb3-31f978dab937	06122	Agente, corretor ou intermediário de câmbio, de seguros, de cartões de crédito, de planos de saúde e de planos de previdência privada, exceto corretor de seguros (profissional autônomo).
1043b02b-3b72-bf80-8997-bd5bc3abca54	07366	Lubrificação, lavagem e limpeza não automáticas de veículos, exceto em postos de gasolina.
113b07dd-6d5c-6e2c-ef53-1a34eefec4e7	04731	Odontologia (regime especial - sociedade).
1141ca02-2f1a-f492-b076-06e92cf7e653	05762	Outros serviços de instrução, treinamento, orientação pedagógica e educacional, avaliação de conhecimentos de qualquer natureza.
114c0d0a-0785-6bb7-bc48-98ac77f16d43	06581	Traslado intramunicipal de corpos e partes de corpos cadavéricos
12ffa732-737b-334b-d120-67cd1d950b25	08354	Divertimento eletrônico, inclusive vitrola automática, cabines privê, computadores, videogames, videokê e demais equipamentos acionados por fichas, cartões, ou quaisquer outros dispositivos, serviços prestados em estabelecimentos instalados em shopping ce
131f7d7a-753a-d001-8353-bf9d535ef3f5	05495	Coleta de sangue, leite, tecidos, sêmen, órgãos e materiais biológicos de qualquer espécie, na área veterinária.
132d6d81-14bb-7ff5-3064-b1db0918eafa	07285	Instalação e montagem de aparelhos, máquinas e equipamentos, prestados ao usuário final, exclusivamente com material por ele fornecido.
14fb943b-4de6-396f-f485-494d813701e4	02348	Transporte por táxi (profissional autônomo).
15a194c3-7bce-671f-5682-1cf6548a7571	05576	Patologia e eletricidade médica.
163e3bc1-970e-3514-8cdd-6cdd519a74dc	01210	Paisagismo.
16830699-7f8f-b95c-6ab1-3fe3d699a515	04502	Fonoaudiologia (regime especial - sociedade).
16c57b55-cf14-45d2-910a-38cd54d3604f	07471	Conserto, restauração, manutenção, conservação e pintura de veículos executados por concessionária ou revendedor autorizado (exceto peças e partes empregadas, que ficam sujeitas ao ICMS).
16fca88b-b6f6-acc6-609d-8c6f1fa55300	07609	Alfaiataria, costura e congêneres, quando o material for fornecido pelo usuário final, exceto aviamento (profissional autônomo).
1819e71c-d39b-4609-3c9f-865a3ade1cf2	07412	Lubrificação, lavagem e limpeza automáticas de veículos, exceto em postos de gasolina.
184eca3a-a89b-c8f3-fc7d-af7dfc06f49a	01112	Prestação de serviço do grupo Construção Civil, prestado por profissional autônomo.
18858d49-45d6-bcb7-790d-7703fcd1cce4	07579	Restauração, recondicionamento, acondicionamento, pintura, beneficiamento, lavagem, secagem, tingimento, galvanoplastia, anodização, corte, recorte, polimento, plastificação e congêneres, de objetos quaisquer.
18cf266a-77c3-3bee-208d-9c3fc1e6f472	03131	Tradutor e intérprete (profissional autônomo).
1b284697-7c43-3fe9-188c-3650c0d24cba	05266	Unidade de atendimento, assistência ou tratamento móvel e congêneres.
1b59322b-dcdb-2b53-aa31-38cfd30e68a3	08532	Banhos, duchas, sauna, massagens e congêneres.
1b9bbbce-4f43-222d-ef90-e96021d28ec3	02404	Transporte de escolares.
1cedd8dd-58de-ccdb-9a22-97ea1c6ba749	06262	"Agente, corretor ou intermediário de contratos de arrendamento mercantil (""leasing""), de franquia (""franchising"") e de faturização (""factoring"") (profissional autônomo)."
1dbf762b-7fca-bdaf-6d4d-c4ce5e60c3da	02453	Serviços de coleta, remessa ou entrega de correspondências, documentos, objetos, bens ou valores, realizados pelos correios e suas agências franqueadas.
1e288c8e-89d7-2cec-7cdd-5e6db591e801	06320	Agente, corretor ou intermediário de bens móveis, não abrangidos em outros itens ou subitens, por quaisquer meios (profissional autônomo).
1f5404cc-f5cc-906e-f696-bef54ac225ab	04650	Obstetra (profissional autônomo).
1f7894dd-24a4-63bd-91fb-70820295fb8e	01902	Perícias, laudos, exames técnicos e análises técnicas, inclusive institutos psicotécnicos.
1f7c8a74-374e-f558-ecaa-55b47dcb2ca5	05876	Serviços relacionados a cobranças e recebimentos em geral, de títulos quaisquer, de contas ou carnês, de câmbio, de tributos e por conta de terceiros, inclusive os efetuados por meio eletrônico, automático ou por máquinas de atendimento; fornecimento de p
1f8f18c2-d19c-45c2-bafb-1ad644f2206a	02054	Desenho industrial.
20b48a82-5270-e793-d0ef-013d98b71c63	06009	Representação de qualquer natureza, inclusive comercial.
2129a3ce-e5c2-6252-4731-15c4128e6c35	07617	Tinturaria e lavanderia.
2197f489-6943-eea6-c94d-8cdfa3c915a3	03174	Datilógrafo, não estabelecido (profissional autônomo).
21b5579c-c23f-279d-61c3-88b663e6e5a2	05540	Nutricionista (profissional autônomo).
21db2461-947c-d7ec-7928-229f874eb720	01115	Demolição, no caso de serviços prestados na construção do Estádio sede da abertura da Copa do Mundo FIFA 2014.
22acbbde-6fed-e1ea-7aed-2c05e1ed0375	03433	Auditoria (regime especial - sociedade).
22ae0909-5ff6-a6f1-40b8-40bee083df45	05274	Planos de medicina de grupo ou individual e convênios para prestação de assistência médica, hospitalar, odontológica e congêneres.
22c2da45-9b49-d476-6e3b-507778e463bb	05150	Casas de repouso e congêneres.
22d0e326-b830-e841-1b3f-7a86863d5540	06050	Agenciamento, corretagem ou intermediação de planos de previdência privada.
22fd6703-16bc-416b-1620-f31e712e1bf9	06920	Artes gráficas, tipografia, diagramação, paginação e gravação (profissional autônomo).
23755d5b-4044-4e7f-d8b7-65a462775244	08664	Detetive particular (profissional autônomo).
237f2833-da6c-f525-a2e6-0522df7e321f	05738	Auto-escolas, moto-escolas e congêneres.
2420b828-7cd4-c830-442e-049b0f53c42d	07765	Cessão de direito de uso de marcas e de sinais de propaganda.
247407c1-763c-1e7e-d7da-eb9c5957a366	01465	Dedetização, desinfecção, desinsetização, imunização, higienização, desratização, pulverização e congêneres.
24e14b81-bee8-8eba-dc7c-32137b47efaf	08397	Carteado, dominó, víspora, e outros tipos de diversões com cobrança facultativa de ingresso.
257c92f7-8def-3195-da24-45e7043d4b94	05894	Administração de distribuição de co-seguros.
260e6200-fec9-5410-7c92-3b81da403350	05690	Ensino superior, cursos de graduação e demais cursos seqüenciais.
27378e4f-9641-70bc-506c-2e0910205b7c	01520	Engenharia, agronomia, arquitetura, urbanismo e congêneres.
27d8e231-b007-767a-66fb-a6526ddfc399	05883	Compensação de cheques e títulos quaisquer; serviços relacionados a depósito, inclusive depósito identificado, a saque de contas quaisquer, por qualquer meio ou processo, inclusive em terminais eletrônicos e de atendimento.
287282cd-0cd6-9fae-8e2a-8da1ebd055ab	05436	Laboratórios de análise na área veterinária.
28968d79-dc82-c190-4a48-5db90ff9d2cc	03875	Serviços de registros públicos, cartorários e notariais, exceto autenticação de documentos, reconhecimento de firmas e prestação de informações por qualquer forma ou meio quando o interessado dispensar a certidão correspondente.
2951a46c-b4e6-a4b7-3141-a0cbdd9df991	04901	Ortóptica (regime especial - sociedade).
2a24d5a2-bf8f-59b4-b3a2-f7faf260b2c9	02232	Prestação de serviço não referenciado em outro código do grupo Técnico-Científico, prestado por profissional autônomo.
2a2bb9db-34cc-ca7f-7c9d-1d6281688f9b	06572	Funerais, inclusive fornecimento de caixão, urna ou esquifes; aluguel de capela; transporte do corpo cadavérico; fornecimento de flores, coroas e outros paramentos; desembaraço de certidão de óbito; fornecimento de véu, essa e outros adornos; embalsamento
2a46ca10-16bb-9fb7-116d-635ca93da649	06491	Fornecimento de mão-de-obra, mesmo em caráter temporário, inclusive de empregados ou trabalhadores, avulsos ou temporários, contratados pelo prestador de serviço.
2a857a49-00ee-feb7-fc17-285d188cb8f8	05885	Emissão, fornecimento, devolução, sustação, cancelamento e oposição de cheques quaisquer, avulso ou por talão.
2a86c48e-e970-1e99-c339-b479256b5798	05890	Compensação de títulos quaisquer; serviços relacionados a depósito, inclusive depósito identificado, a saque de contas quaisquer, por qualquer meio ou processo, inclusive em terminais eletrônicos e de atendimento, realizados pela Bolsa de Valores, Mercadorias e Futuros - BM&FBOVESPA S.A.
2acd09e0-6bea-f4f8-12f4-b8efbf7d2747	03379	Advocacia (regime especial - sociedade).
2b2c4349-b0cb-b8c2-f83c-85fb990d1f87	05884	Emissão, reemissão, liquidação, alteração, cancelamento e baixa de ordens de pagamento, ordens de crédito e similares, por qualquer meio ou processo; serviços relacionados à transferência de valores, dados, fundos, pagamentos e similares, inclusive entre
2babe426-0f05-fe07-8ae4-82faf70902ae	05879	Devolução de títulos, protesto de títulos, sustação de protesto, manutenção de títulos, reapresentação de títulos, e demais serviços a eles relacionados.
2bfe1c8d-1d56-36a1-9591-317d9b54fe7a	07124	Organização, promoção e execução de programas de turismo, passeios, viagens, excursões, hospedagens e congêneres (profissional autônomo)
2c08f5a4-c736-24e3-2056-45d33c4f8cad	03093	Análise, exame, pesquisa, coleta, compilação e fornecimento de dados e informações de qualquer natureza, inclusive cadastro e similares.
2c314e3a-2c5f-a47c-4417-0718e37e75b0	05539	Farmacêutico (profissional autônomo).
2cc2dcd7-084e-f453-50c4-73b69a32253e	04677	Obstetrícia (regime especial - sociedade).
2d344fb2-2dd1-9137-02e2-da88e1698f65	08036	Prestação de serviço não referenciado em outro código do grupo Guarda e Locação, prestado por profissional autônomo.
2d71e105-d86d-e2af-d923-3a27dc1abbb0	02224	Serviços de museologia.
2ea9e87d-9bb0-74b4-724d-e9b909ad8707	05837	Administração de cheques pré-datados e congêneres.
2ee6c8d2-b6b7-713e-a94f-3d999190153b	01694	Elaboração de planos diretores, estudos de viabilidade, estudos organizacionais e outros, relacionados com obras e serviços de engenharia; elaboração de anteprojetos, projetos básicos e projetos executivos para trabalhos de engenharia.
2ef6cf98-3883-3f45-d29c-8e06952d3fd5	07889	Vigilância, segurança ou monitoramento de bens e pessoas (profissional autônomo).
2ff4fa4b-0eaf-af83-035e-985dde87702c	05991	Representante de qualquer natureza, inclusive comercial (profissional autônomo).
2ff920f0-1973-4dd2-08a3-268c1d11bebd	07331	Lustração de bens móveis.
302b74df-c207-147c-394f-03a2131bb09e	02135	Avaliador (profissional autônomo).
30c99439-3b58-7f7f-7549-d422643b786c	04340	Enfermeiro (profissional autônomo).
31af5895-15b7-88aa-fad9-601708144e61	03166	Datilógrafo, digitador, estenógrafo, expediente, secretaria em geral, resposta audível (telemarketing), redator, editor, revisor, apoio e infra-estrutura administrativa e congêneres (profissional autônomo).
322d1863-24d9-9d6f-0144-1c34d0bc981d	08206	Competições esportivas ou de destreza física ou intelectual, com ou sem a participação do espectador.
33120331-ff8d-29aa-129a-3cbbcc3c2323	05872	Cadastro, elaboração de ficha cadastral, renovação cadastral e congêneres, inclusão ou exclusão no Cadastro de Emitentes de Cheques sem Fundos - CCF ou em quaisquer outros bancos cadastrais.
3331a8f8-d5f9-c787-c7c4-805b25c6bb36	08893	Serviços relativos a obras de arte sob encomenda.
33808b13-213c-51bd-da24-9f6e8439be14	01899	Planejamento, coordenação, programação ou organização técnica, financeira ou administrativa.
33b3578b-ea07-080c-f3c3-4986e4d440f7	01538	Engenheiro, agrônomo, arquiteto, urbanista e congêneres (profissional autônomo).
33ef62b0-292e-c1e5-d93d-184667ebe190	05312	Outros planos de saúde que se cumpram através de serviços de terceiros contratados, credenciados, cooperados ou apenas pagos pelo operador do plano mediante indicação do beneficiário.
34c8e7be-4cd3-f9f4-4097-90c2899fdf96	03468	Atuário e calculista técnico (profissional autônomo).
3559ecd5-abac-39bd-24ec-4d18881378a3	08281	Competições esportivas - Grande Prêmio Brasil de Fórmula 1. Quando prestado por contribuinte estabelecido no Município de São Paulo.
3645cd94-6ce6-0dc2-02c6-d6d4d1f37b58	05836	Administração de carteira de clientes.
368798b1-5b46-283c-6a0e-72ecf3bc30fc	03387	Arbitragem de qualquer espécie, inclusive jurídica.
3717b4e7-0e29-a25f-c8b5-31adf698e698	02412	Transporte de escolares (profissional autônomo).
374dd065-5068-0b82-b41f-0a8a78800c5f	05870	Locação e manutenção de cofres particulares, de terminais eletrônicos, de terminais de atendimento e de bens e equipamentos em geral.
37c96c51-1bcc-76df-f15d-bdf86890b596	02668	Programação.
380e6623-c034-2770-fda3-7fb3e3eda10e	08899	Prestação de serviço não referenciado em outro código do grupo Diversos, prestado por profissional autônomo.
3885a978-913a-936d-9adb-4bae0197cd7e	06793	Fonografia ou gravação de sons, inclusive trucagem, dublagem, mixagem e congêneres.
388c672c-7d6f-d4e3-97b9-b3435bf52c71	04140	Radioterapia, quimioterapia, ultra-sonografia, ressonância magnética, radiologia, tomografia e congêneres.
38b05887-cfbd-a7c2-b7aa-a701b6ce3232	01113	Execução, por administração, empreitada ou subempreitada, de obra hidráulica e de outras obras semelhantes, inclusive sondagem, perfuração de poços, escavação, drenagem e irrigação (exceto o fornecimento de mercadorias produzidas pelo prestador de serviços fora do local da prestação dos serviços, que fica sujeito ao ICMS), no caso de serviços prestados na construção do Estádio sede da abertura da Copa do Mundo FIFA 2014.
38b77d25-c8dd-f1ab-4f11-46a6a0b30447	02340	Serviços de transporte coletivo municipal rodoviário, metroviário, ferroviário e aquaviário de passageiros (exceto transporte coletivo de passageiros por ônibus, realizado por concessionários e permissionários do serviço).
38c86e3d-0aa9-ae81-811a-907dfb00eb45	01473	Limpeza e dragagem de rios, portos, canais, baías, lagos, lagoas, represas, açudes e congêneres.
38ce93fb-ab96-1d9a-cde7-008d564ac735	07838	Guarda e estacionamento de veículos terrestres automotores, em postos de gasolina.
38d92302-51d2-394f-0afb-f7175ce8ae2f	06394	Agenciamento de publicidade e propaganda, inclusive o agenciamento de veiculação por quaisquer meios.
3ae0c45d-970c-2ff4-2200-79f260042a1f	03670	Economista (profissional autônomo).
3b4ce19a-37a2-9cf4-a91f-91c65b712c3d	05177	Creches.
3d5de129-2530-43f3-91f6-a36206d5a2f7	04774	Ortóptica.
3df75029-0546-0bea-1256-1b2465ca0be3	05096	Próteses sob encomenda (regime especial - sociedade).
3e82c554-64e7-f756-7322-da06c41f6577	03239	Advogado (profissional autônomo).
3f3c5250-4db1-8689-5bab-d225371af9d1	02216	Serviços de meteorologia.
3f906675-fd2a-4a40-4583-6532dcb743e9	05819	Administração de cartão de crédito ou débito e congêneres.
3faa92de-7360-21bb-fb00-67dd2839e21d	07100	Hospedagem de qualquer natureza em hotéis, apart-service condominiais, flats, apart-hotéis, hotéis residência, residence-service, suite service, hotelaria marítima, motéis, pensões e congêneres; ocupação por temporada com fornecimento de serviço (profissional autônomo).
3ffab412-c758-3a30-7fc0-87dd6de05dee	04693	Odontologia.
40a72f63-cf9d-a636-fc73-d6e056c51e0c	02658	Análise e desenvolvimento de sistemas.
414fe274-56eb-4da8-73da-4374ff75654b	06858	Encadernação, gravação e douração de livros, revistas e congêneres.
424a0f50-fd89-f15c-1d4c-384275f43300	04596	Terapeuta de qualquer espécie destinado ao tratamento físico, orgânico e mental, inclusive massoterapia, naturologia e naturopatia (profissional autônomo).
4252e7c8-6f0f-004a-e848-6053bb2b0565	03980	Prestação de serviço não referenciado em outro código do grupo Jurídicos, Econômicos e Técnico-Administrativo, prestado por profissional autônomo.
4363c74f-4dda-9ffe-cb02-5ef2fa4df30b	01600	Agrimensor, geólogo e congêneres (profissional autônomo).
4441ccfa-2bbf-8898-852f-51cb27583750	08320	Boliche.
444c7115-ce6c-5817-d812-f155b39e11f0	05100	Psicanálise.
45c0e5a4-6899-9d41-fa16-ed900f73ddee	07919	Escolta, inclusive de veículos e cargas (profissional autônomo).
465905d1-52d4-e13c-0977-3c109cf7f218	03611	Contador e congêneres, com nível superior (profissional autônomo).
46edc92c-e99a-828e-c0e8-554d8fa7db3a	02500	Serviços de programação visual, comunicação visual e congêneres.
47022220-892f-f7c0-cff1-5cd45664c9a8	07536	Afiador de utensílios domésticos e afinador de instrumentos musicais, não estabelecidos (profissional autônomo).
47041f57-ad8a-f139-3db9-72ce7406e66d	08400	Execução de música, individualmente ou por conjunto.
47487a2d-2702-3086-ec8a-20e9fdb5f4c0	06017	Distribuidor de bens de terceiros (profissional autônomo).
47b6655d-7ca9-bac9-aade-01419b7b51d9	07234	Prestação de serviço não referenciado em outro código do grupo Turismo, Hospedagem, Eventos e Assemelhados, prestado por profissional autônomo.
48a02268-fed4-a2df-d5a7-e3356719f8f9	02693	Elaboração de programas de computadores (software), inclusive de jogos eletrônicos, independentemente da arquitetura construtiva da máquina em que o programa será executado, incluindo tablets, smartphones e congêneres e licenciamento ou cessão de direito de uso de programas de computação, inclusive distribuição (profissional autônomo).
48fec123-969b-6a81-87ef-e07d2474c7e3	01848	Cartógrafo, geógrafo, profissional de geodésia e geofísico (profissional autônomo).
4929c905-f532-02d1-8808-8d77ec240b1c	08192	Corridas e competições de animais.
4969c599-a67c-9217-4974-088c614ed80f	05893	Emissão, reemissão, liquidação, alteração, cancelamento e baixa de ordens de pagamento, ordens de crédito e similares, por qualquer meio ou processo; serviços relacionados à transferência de valores, dados, fundos, pagamentos e similares, inclusive entre contas em geral.
49c5d8e1-dff1-33c1-7bfb-001d8397b9c3	07013	Hospedagem em pensões, albergues, pousadas, hospedarias, ocupação por temporada com fornecimento de serviços e congêneres.
4a9ab7b4-8184-3fd3-4c0b-65153e8ea544	04111	Medicina e biomedicina (regime especial - sociedade).
4b472787-afe4-a71f-02bb-c2f775a34884	06297	Agenciamento, corretagem ou intermediação de bens móveis ou imóveis, não abrangidos em outros itens ou subitens, por quaisquer meios.
4bc63c07-85cf-bfcf-6418-ed01b68908f0	02194	Desenhista técnico (profissional autônomo).
4be49b3b-5b05-65ef-d0f1-2abc24082a01	08850	Artistas, atletas, modelos e manequins (profissional autônomo).
4c521218-c600-899c-a0da-4f7e25973dd3	05584	Casas de recuperação.
4cc3f956-5f74-aa74-9ae9-fb732b2044f8	06602	Planos ou convênio funerários.
4cf30a43-0b5e-1209-92a1-adf9992398b9	04316	Enfermagem, inclusive serviços auxiliares.
4cfdfc20-302d-0ff8-3286-8cce222ccbd3	02364	Transporte por táxi, explorado por pessoa jurídica.
4d821fa0-4188-ad08-2dfe-4b1574d1b4ec	05185	Asilos.
4dcbd311-6a02-9dcf-3001-05b4377310df	06521	"Franquia (""franchising"")."
4e737938-a78a-d991-2a81-4a70620131c7	01384	Limpeza, manutenção e conservação de vias e logradouros públicos, parques, jardins e congêneres.
4e89fea9-16b3-ccbc-1780-268841df10b6	07676	Funilaria e lanternagem, incluindo a pintura.
4ee22acb-1119-f2a0-e203-e1b76e6f74f1	07633	Tintureiro individual.
4f10edfa-f950-e21f-a453-dee6a99a2c30	02366	Transporte por táxi, explorado por pessoa jurídica.
4f64b966-2d57-0254-06fb-a8946af3d76e	03956	Serviços de biblioteconomia.
4f8189cb-76d8-0fa2-7a4f-2f25626cc72d	04553	Terapia ocupacional (regime especial - sociedade).
4fa4dd4f-0c83-ae2f-4f73-42e4524a3036	06840	Colocador de molduras e congêneres (profissional autônomo).
51955d99-d72d-521b-76ee-8354201fe348	01031	Demolição.
51a4e2cb-3211-42a0-56e8-4d4350014885	05916	Serviços de regulação de sinistros vinculados a contratos de seguros; inspeção e avaliação de riscos para cobertura de contratos de seguros; prevenção e gerência de riscos seguráveis e congêneres.
51ca3819-9df3-d67b-22c7-3e985acaab54	05887	Fornecimento, emissão, reemissão, renovação e manutenção de cartão magnético, cartão de crédito, cartão de débito, cartão salário e congêneres.
5343b54e-ebc9-ad0f-a437-694962202cae	01406	Limpeza, manutenção e conservação de imóveis, chaminés, piscinas e congêneres, inclusive fossas.
53546470-7fb0-8b17-04f3-7b8cbfe31fd0	08575	Prestação de serviço do grupo Higiene, e Apresentação Pessoal, prestado por profissional autônomo.
5361c8a7-ccdd-68d6-e689-1df9b07adfee	02798	Licenciamento ou cessão de direito de uso de programas de computação, inclusive distribuição.
53e4dee8-3910-76f1-0569-61030a1e37a4	03085	Serviços de pesquisas e desenvolvimento de qualquer natureza.
53ebe3b7-0d8d-877a-269b-790cce0f8155	08567	"Centros de emagrecimento, ""spa"" e congêneres."
55ee4a4c-5078-cafc-fa3f-a1c104f9030b	02143	Serviços de biologia, biotecnologia e química.
567d8e99-04ad-d6e8-2f10-92b2cdce11f5	06556	Leiloeiro e congêneres (profissional autônomo).
57108b2a-a384-50f1-797f-5f4de20396a8	04235	Sanatórios, manicômios e congêneres.
572c9009-799b-bc20-f28d-b66a4dd525f3	07153	Guia de turismo (profissional autônomo).
58014e53-5079-c865-03da-42dea1ca7ffb	01058	Reparação, conservação e reforma de edifícios, estradas, pontes, portos e congêneres (exceto o fornecimento de mercadorias produzidas pelo prestador dos serviços, fora do local da prestação dos serviços, que fica sujeito ao ICMS).
58bec152-4e0d-897b-f4eb-fd211fb760bc	06041	Distribuição de bens de terceiros.
5b2c01b4-e776-d404-3f07-8fdd1c86bbcb	02935	Planejamento, confecção, manutenção e atualização de páginas eletrônicas
5b784c58-61dd-1b3d-e06d-1d4c64d9c54a	03638	Técnico em contabilidade, guarda-livros e congêneres (profissional autônomo).
5c0e0789-8852-f252-aee9-b44165c61380	02461	Serviços de coleta, remessa ou entrega de correspondências, documentos, objetos, bens ou valores, realizados inclusive por courrier e congêneres.
5c3fcf90-f7ef-3ef7-5425-c20bf138cb46	05891	Compensação de cheques e títulos quaisquer; serviços relacionados a depósito, inclusive depósito identificado, a saque de contas quaisquer, por qualquer meio ou processo, inclusive em terminais eletrônicos e de atendimento.
5c6736b5-577b-a015-c185-a83efae5e86a	02800	Licenciamento ou cessão de direito de uso de programas de computação, inclusive distribuição.
5d357a61-f508-d165-6bda-82bc3158e5d6	01481	Serviços de exploração de rodovia mediante cobrança de preço ou pedágio dos usuários, envolvendo execução de serviços de conservação, manutenção, melhoramentos para adequação de capacidade e segurança de trânsito, operação, monitoração, assistência aos us
5de64e64-96f0-97c8-5fb9-88fb9718612c	07480	Conserto, restauração, manutenção, conservação e pintura de veículos, executados por contribuinte estimado às sociedades seguradoras estabelecidas no Município de São Paulo (exceto peças e partes empregadas, que ficam sujeitas ao ICMS).
5e25c6e0-9c28-943c-be08-5b90ae501ace	02429	Transporte de pessoas, por qualquer meio, dentro do território do município.
5ffe0b5d-2631-4d1a-b3c3-a189187482bd	06816	Reprografia, microfilmagem e digitalização,  prestados por notários, oficiais de registro ou seus prepostos.
6013ffab-3429-d24b-debe-6af4fe9e5166	06645	Serviços de desembaraço aduaneiro, comissários, despachantes e congêneres (profissional autônomo).
6071a39a-6d85-1b9e-0c77-29189b78262a	05541	Prestação de serviço não referenciado em outro código do grupo Saúde, prestado por profissional autônomo.
607f5f0c-103d-3d0f-3751-122752d40108	06190	"Agenciamento, corretagem ou intermediação de contratos de arrendamento mercantil (""leasing"")."
60c495c9-e9a6-1b14-1a6a-774647e74691	01503	Prestação de serviço não referenciado em outro código do grupo Manutenção e Decoração de Imóveis, prestado por profissional autônomo.
61358eae-1256-ef98-6875-8f15f83c4b46	01880	Assistência técnica.
62088415-61a3-4d8d-5e54-48695d372339	01422	Limpeza, manutenção e conservação de imóveis, chaminés, piscinas e congêneres, inclusive fossas, prestados por profissional autônomo.
641148b6-752d-c0d2-ff61-bb3974e6ee38	01117	Escoramento, contenção de encostas e serviços congêneres, no caso de serviços prestados na construção do Estádio sede da abertura da Copa do Mundo FIFA 2014.
64aae384-2d0d-777f-9ad1-68ef9f1c0ac5	05037	Próteses sob encomenda.
652dd8b1-a676-4288-4f50-49ee88b30316	04588	Terapias de qualquer espécie destinadas ao tratamento físico, orgânico e mental, inclusive massoterapia, naturologia e naturopatia.
653e796d-5d5d-61e4-a31c-08a4cfaf7d17	08672	Serviços de investigações particulares, detetives e congêneres.
656ad204-06a4-03c5-a3c1-6400383a640e	08045	Prestação de serviços relacionados a espetáculos teatrais, espetáculos circenses, parques de diversões, centros de lazer, óperas, ballet, danças, concertos, recitais e congêneres, prestados por profissional autônomo.
66090e2d-a967-a72f-d9fa-a4d81f232b20	02445	Transporte de bens ou valores, dentro do território do Município (inclusive auto-socorro e transporte de veículos).
6684f57c-4558-4572-ed31-bab4ebab7d0d	05380	Medicina veterinária e zootecnia.
66ad0afc-7163-4328-467f-2ca281e5d71e	07005	Hospedagem em hotéis e hotelaria marítima.
67342eb8-b994-ecd5-0765-a72bd9993fba	02489	Prestação de serviço não referenciado em outro código do grupo Transporte Municipal, prestado por profissional autônomo
6785d92c-85a8-352e-17b9-0f69fd50abc8	02881	Assessoria e consultoria em informática
67a7ca1e-8296-164c-c794-bbe0c91c42c7	02330	Transporte por ônibus (concessionária e permissionárias).
67d01c73-1c07-b93e-decf-cbc31f80ffc0	05543	Prestação de serviço não referenciado em outro código do grupo Saúde, prestado por profissional autônomo.
68377b99-6860-eaf8-f63f-25bfcc80c33e	05542	Prestação de serviço não referenciado em outro código do grupo Saúde, prestado por profissional autônomo.
683ca1b9-6c7d-2dcf-91e3-8582dc9dabb3	04219	Ambulatórios e prontos socorros.
690654b6-efa9-cf94-df34-b3f3dd96cdbc	01724	Controle e tratamento de efluentes de qualquer natureza e de agentes físicos, químicos e biológicos.
691cc088-b855-7975-0419-11ac317ded63	05479	Bancos de sangue e de órgãos e congêneres, na área veterinária.
694f28e3-4d5a-9c6a-7e02-3a79e70e8535	04430	Fisioterapia (regime especial - sociedade).
6962ffa6-310f-3686-a92d-54bb2ecb4176	01430	Decoração.
6ac2004d-7faf-2046-d952-fb08a8108690	04626	Nutrição.
6b10c84f-2bc2-4391-ae5f-5b67e870ed9a	07927	Armazenamento, depósito, carga, descarga, arrumação e guarda de bens de qualquer espécie.
6b766109-9e8f-da5a-4359-140768fda852	06890	Encadernador, gravador e dourador de livros, revistas e congêneres (profissional autônomo).
6bfc7d25-feab-c310-118f-55cf3b0f612e	08052	Espetáculos teatrais.
6c2788f5-e326-ad3e-c05c-3afc0d51959d	02499	Inserção de textos, desenhos e outros materiais de propaganda e publicidade, em qualquer meio (exceto em livros, jornais, periódicos e nas modalidades de serviços de radiodifusão sonora e de sons e imagens de recepção livre e gratuita), prestado por profissional autônomo
6c5c31ab-2897-a12b-4b98-170dc530af0b	05888	Custódia em geral, inclusive de títulos e valores mobiliários, realizada pela Bolsa de Valores, Mercadorias e Futuros - BM&FBOVESPA S.A.
6d024aee-0d8c-0a5b-7a2a-29aa42abccda	08658	Aplicação de tatuagens, piercings e congêneres
6e05b43b-4b08-556b-7e0a-1a7eb03e00d8	02917	Suporte técnico em informática, inclusive instalação, configuração e manutenção de programas de computação e bancos de dados.
6e716699-f3e6-af49-35a2-c94353a17428	03878	Autenticação de documentos, reconhecimento de firmas e prestação de informações por qualquer forma ou meio quando o interessado dispensar a certidão correspondente, prestados por notários, oficiais de registro ou seus prepostos.
6ea16340-dacc-b5bc-47b2-d5ddeeec39a1	08370	Máquina Eletronicamente Programável ou outra máquina de entretenimento, com distribuição de prêmios, instalada em estabelecimentos do tipo bingo.
6f3b4430-5265-2757-4bbd-8403d0fbc786	05886	Serviços relacionados a crédito imobiliário, avaliação e vistoria de imóvel ou obra, análise técnica e jurídica, emissão, reemissão, alteração, transferência e renegociação de contrato, emissão e reemissão do termo de quitação e demais serviços relacionad
6f7cbcbd-b973-f719-8c6f-761d9e708185	04139	Análises clínicas.
6fa4db5e-1b62-cf36-58e7-8ee8706cda81	08311	Bilhar por tempo (snooker), bilhar por ficha e pebolim.
6fd26353-548e-b875-dfbd-7b1426d40d6b	08885	Serviços de ourivesaria e lapidação (quando o material for fornecido pelo tomador do serviço).
706c09df-5519-39be-aea4-2fe023f80a15	06220	"Agenciamento, corretagem ou intermediação de contratos de franquia (""franchising"")."
7107aa42-79ee-24f7-1ff3-0e262d985c6b	02402	Transporte de escolares.
7158320c-8f7a-7f75-b5d8-41eed8f89455	05657	Ginástica, dança, esportes, natação, artes marciais e demais atividades físicas.
740212a6-be95-fb90-0d1f-2e4bb7ccb33b	03220	Advocacia.
74cfed43-b96e-558c-1b17-4ba98e17a48c	04545	Terapeuta ocupacional (profissional autônomo).
74eb56b8-d786-eb02-30c6-8786e606e95e	08257	Parques de diversões, centros de lazer e congêneres (contribuinte não estabelecido no Município de São Paulo).
75415821-2a84-3c7d-b46a-744169e1bb5c	08037	Exploração de “stands” e centros de convenções para a promoção de feiras, exposições, congressos e congêneres (profissional autônomo).
7583a2fb-9b07-aef3-5350-fd31a1cc98f9	06613	Cessão de uso de espaços em cemitérios para sepultamento
7689b805-ef9d-9df2-efad-b489e2fc7e09	06076	Agenciamento, corretagem ou intermediação de câmbio.
76a35fe7-b410-11ec-a10b-0e4f894861d3	02668	Programação.
780af2a4-f73a-7224-8ba4-55d984632b93	05754	Outros serviços de instrução, treinamento, orientação pedagógica e educacional, avaliação de conhecimentos de qualquer natureza (profissional autônomo).
79523bdb-abce-7e98-6c88-927be865e42e	02920	"Suporte técnico em informática, inclusive instalação, configuração e manutenção de programas de computação e bancos de dados (profissional autônomo)."
796d010a-305e-743d-89ec-20c48e9eeb1f	03167	Resposta audível (centrais de “call center” e telemarketing) - profissional autônomo.
7a073aef-1989-dcd2-2170-f8061025dd11	01821	Aerofotogrametria (inclusive interpretação), cartografia, mapeamento, levantamentos topográficos, batimétricos, geográficos, geodésicos, geológicos, geofísicos e congêneres.
7a1ebd72-5cc3-7a1e-2b4c-56f6f97ad605	03210	Administração de benefícios relativos a planos de assistência à saúde.
7a7da34c-21cd-ea00-4950-9659206b56fa	07846	"Guarda e estacionamento de veículos terrestres automotores, do tipo ""valet service""."
7aa978fc-cf5c-f2d7-e4e4-e822ede1c251	04170	Laboratórios.
7aecca17-5f13-547f-c035-16597ee2fb7a	01627	Agrimensura, geologia e congêneres (regime especial - sociedade).
7b04df08-f3bb-b45f-0496-aa185f584567	05800	Organização e administração de consórcios.
7b1b20a7-ae5e-4839-cc4a-b52ac1b16f97	07315	Instalação e montagem industrial, prestada ao usuário final, exclusivamente com material por ele fornecido.
7bacc2ca-ccf3-955a-a1b3-3bc4d81133ff	07811	Guarda e estacionamento de veículos terrestres automotores.
7c88a738-d4af-6717-bb8d-4029b1abac68	01118	Carpintaria e serralheria, no caso de serviços prestados na construção do Estádio sede da abertura da Copa do Mundo FIFA 2014.
7cf456ae-1ac7-8128-575f-d8c588c390b2	05874	Acesso, movimentação, atendimento e consulta a contas em geral, por qualquer meio ou processo, inclusive por telefone, fac-símile, internet e telex, acesso a terminais de atendimento, inclusive vinte e quatro horas; acesso a outro banco e à rede compartil
7d0f0649-1284-6937-1be4-7cc7fc13ff09	03159	Resposta audível (centrais de “call center” e telemarketing).
7e1e3d06-9641-c9cb-20b8-0c7c45e82f97	02498	Inserção de textos, desenhos e outros materiais de propaganda e publicidade, em qualquer meio (exceto em livros, jornais, periódicos e nas modalidades de serviços de radiodifusão sonora e de sons e imagens de recepção livre e gratuita)
7e97f49a-d3ee-7563-fc7a-8d59734079e1	06343	Agente marítimo (profissional autônomo).
7f310a0c-1b2e-48ab-4cc0-09f80c92a702	02119	Serviços de avaliação de bens e serviços de qualquer natureza.
7f34fec9-8352-a66f-3b04-940f6fcaf624	08095	Programas de auditório.
7fa99ce5-d51e-89ea-b00d-3cc98892158b	08168	Óperas, ballet, danças, concertos, recitais e congêneres.
7fbb0e59-42d1-1f77-cf8f-8ab195754df3	07684	Prestação de serviço não referenciado em outro código do grupo Conservação e Limpeza e Reparação de Bens Móveis, prestado por profissional autônomo.
7fd30a6a-7c29-4ffb-28c3-cda06f3d1629	06513	Fornecimento de mão-de-obra, mesmo em caráter temporário, inclusive de empregados ou trabalhadores, avulsos ou temporários, contratados pelo prestador de serviço (profissional autônomo).
80aa2fb1-4432-98f5-38c3-cf76f76c9df8	03620	Contador, técnico em contabilidade, guarda-livros e congêneres (regime especial - sociedade).
814b5645-62f7-b297-32a5-5ce2f188051b	04499	Fonoaudiólogo (profissional autônomo).
81de4f29-73a1-e3ac-031f-443a808180f3	03476	Contabilidade, inclusive serviços técnicos e auxiliares.
82252151-8476-5ea1-2059-0355ec37cbfa	08274	Espetáculos teatrais e espetáculos circenses, óperas, ballet, danças, concertos, recitais e congêneres (contribuinte não estabelecido no Município de São Paulo).
82d3597e-e388-3d6b-06f1-2229b63752bf	02186	Serviços de desenhos técnicos.
8369e9d1-999a-11eb-f1af-390b6f0648e0	08770	Artista circense e músico, não estabelecido (profissional autônomo).
83b7fd9e-e3aa-8f0c-735f-9de8516ab949	07692	Engraxate (profissional autônomo).
84131e5c-f0ba-7d4d-9932-969bc9d7f848	07560	Recauchutagem ou regeneração de pneus, borracharia.
8489155c-9c2c-8686-5791-19863dd94164	02100	Assistente social (profissional autônomo).
84a4cce0-4003-0460-23ea-06b51be30cf0	03158	Datilografia, digitação, estenografia, expediente, secretaria em geral, resposta audível (telemarketing), redação, edição, revisão, apoio e infra-estrutura administrativa e congêneres.
85073542-c748-fd35-2947-0aee76cc5a0c	01805	Acompanhamento e fiscalização da execução de obras de engenharia, arquitetura e urbanismo.
86674c42-f82e-579c-040c-0fceeef0f2f9	08214	Desfiles de blocos carnavalescos ou folclóricos, trios elétricos e congêneres.
87755756-6a17-f889-0951-9356dfbfa4a7	06130	Corretagem de seguros.
88231639-aab5-1256-f347-ca9c036e9e41	01104	Carpintaria e serralheria.
88579366-4c2e-9b9d-c40b-27d6b0284de2	08486	Serviços de distribuição e venda de bilhetes e demais produtos de loteria, cartões, pules ou cupons de apostas, sorteios, prêmios, inclusive os decorrentes de títulos de capitalização e congêneres.
88c06892-8e45-9cee-90d2-26cd5ec25cb6	02963	Disponibilização, sem cessão definitiva, de conteúdos de vídeo por meio da internet (exceto a distribuição de conteúdos pelas prestadoras de Serviço de Acesso Condicionado, de que trata a Lei no 12.485, de 12 de setembro de 2011, sujeita ao ICMS)
8a8abc7f-5ddf-9be4-2ab1-12f1a503e284	05665	Instrutor de ginástica, dança, esportes, natação, artes marciais e demais atividades físicas (profissional autônomo).
8ba13589-d7ea-e940-b9c6-bec9dc22d53c	06807	Fotografia e cinematografia, inclusive revelação, ampliação, cópia, retocagem, reprodução, trucagem e congêneres (inclusive para televisão).
8d41f9d4-bfaf-b5c5-4241-d0e7068507d8	08419	Fornecimento de música para ambientes fechados ou não, mediante transmissão por qualquer processo.
8d7332af-0496-ebe7-f940-db25fbfa3730	08125	Boates, taxi-dancing, night-club, cabaré, danceteria, casas noturnas, bares noturnos, restaurantes dançantes e outros estabelecimentos de diversão pública com cobrança de couvert artístico e congêneres.
8f28837c-5316-581e-9db4-f2a27ce540ff	06955	Composição gráfica, fotocomposição, clicheria, zincografia, litografia, fotolitografia, estereotipia, serigrafia e outras matrizes de impressão (profissional autônomo).
92f26a2c-4a7b-c4f7-f71e-e986e970f5bb	03876	Autenticação de documentos, reconhecimento de firmas e prestação de informações por qualquer forma ou meio quando o interessado dispensar a certidão correspondente, prestados por notários, oficiais de registro ou seus prepostos.
9330aad3-6381-16f7-814b-9c54c79f958e	01903	Inspeção ambiental veicular
94dda433-6733-75ae-b638-5d3adf65758e	05878	Abertura de contas em geral, inclusive conta-corrente, conta de investimentos e aplicação e caderneta de poupança, no País e no exterior, bem como a manutenção das referidas contas ativas e inativas.
9524a740-c338-3b81-4a96-50c8b27de7af	08080	Exibições cinematográficas (profissional autônomo).
95a46b01-6fdd-f225-28f0-b8100ed56420	02836	Serviços de pesquisas e desenvolvimento de qualquer natureza, elaboração de programas de computadores (software), inclusive de jogos eletrônicos, e licenciamento ou cessão de direito de uso de programas de computação, inclusive distribuição (profissional
9647faeb-5839-6f8a-3fe0-dc648cf62c44	08648	Guarda, tratamento, amestramento, embelezamento, alojamento e congêneres, relativos a animais.
97777410-8d53-5b0e-838c-b11427b5cee9	02690	Elaboração de programas de computadores (software), inclusive de jogos eletrônicos.
99398539-8af1-1e7e-ce8f-969eed7aa0bf	06777	Produção de eventos, espetáculos, entrevistas, shows, ballet, danças, desfiles, bailes,teatros, óperas, concertos, recitais, festivais e congêneres.
9bd89a59-e5e2-73f9-2d75-9ded4423051f	06270	Agenciamento, corretagem ou intermediação de bens, realizados no âmbito de Bolsas de Mercadorias e Futuros, por quaisquer meios.
9c2a341a-1f08-729f-21a8-6cbc95911668	01449	Jardinagem, inclusive corte e poda de árvores.
9c372777-6f9c-4f64-8127-6454b376187b	02062	Desenhista industrial (profissional autônomo).
9c682207-e627-1382-9251-118b2f1d82bb	07129	Agenciamento, organização, promoção, intermediação e execução de programas de turismo, passeios, viagens, excursões, hospedagens e congêneres.
9cc9e1fd-c5cd-d05e-f493-19ae6241ae76	07056	Hospedagem em motéis.
9eefd8d4-2836-6512-6795-addc1611a171	05533	Planos de atendimento e assistência médico-veterinária.
a0d00e14-c0d3-11ec-b0a6-0e8e0540dcd5	06303	Intermediação, via plataforma digital, de compra e venda de mercadorias e demais bens móveis tangíveis (marketplace).
a0db0b4d-c7d1-8c6c-1a93-425332226541	01024	Execução, por administração, empreitada ou subempreitada, de obras de construção civil, elétrica e de outras obras semelhantes, e respectivos serviços auxiliares ou complementares, inclusive terraplanagem, pavimentação, concretagem e a instalação e montagem de produtos, peças e equipamentos que se agreguem ao imóvel (exceto o fornecimento de mercadorias produzidas pelo prestador de serviços fora do local da prestação dos serviços, que fica sujeito ao ICMS). Exclusivo para o ISS – “Habite-se”.
a13a05e5-4a7f-936d-1c06-2e67a1910ff2	04634	Obstetrícia.
a166e3e6-337f-e734-0071-d9d4d4c48067	06963	Serviços de chaveiros, confecção de carimbos, placas, sinalização visual, banners, adesivos e congêneres.
a19ceffd-c0d3-11ec-b0a6-0e8e0540dcd5	06302	Intermediação, via plataforma digital, de entregas.
a1e2b883-8c6c-a9d3-c9d7-ec2000010b45	07960	Serviços aeroportuários, utilização de aeroporto, movimentação de passageiros, armazenagem de qualquer natureza, capatazia, movimentação de aeronaves, serviços de apoio aeroportuários, serviços acessórios, movimentação de mercadorias, logística e congêner
a2660b6a-c0d3-11ec-b0a6-0e8e0540dcd5	06301	Intermediação, via plataforma digital, de transporte de passageiros.
a2f55b26-10c3-65e6-cbd3-0f1c742b63b8	05881	Serviços relacionados a operações de câmbio em geral, edição, alteração, prorrogação, cancelamento e baixa de contrato de câmbio; emissão de registro de exportação ou de crédito; cobrança ou depósito no exterior; emissão, fornecimento e cancelamento de ch
a32db5b2-c0d3-11ec-b0a6-0e8e0540dcd5	06299	Intermediação, via plataforma digital, de aluguéis.
a37e9240-8e23-3af0-b27d-79db87153bd0	07323	Prestação de serviço do grupo Instalação, Colocação e Montagem de Bens, prestado por profissional autônomo.
a3dd80a9-0c23-9cfe-d16e-2fe9c86936a3	08044	Prestação de serviço não referenciado em outro código do grupo Diversões Públicas, prestado por profissional autônomo.
a3f69a6f-c0d3-11ec-b0a6-0e8e0540dcd5	06221	"Agenciamento, corretagem ou intermediação de contratos de franquia (""franchising"")."
a481164b-5365-9764-bfb9-978e6770cdf6	06432	Agente de publicidade e propaganda, inclusive o de veiculação por quaisquer meios (profissional autônomo).
a57a2b29-da89-4e70-01e4-4c5e4afb3fa3	03450	Atuária e cálculos técnicos de qualquer natureza.
a5b20bce-baf5-9af8-0323-b8502ab65edc	02660	Análise e desenvolvimento de sistemas
a5d56b72-1798-10e0-5d40-fdd4e4d3c597	07324	Guincho municipal, transporte e içamento.
a5e281f8-7e31-2536-098a-0e0bd95d7060	02488	Prestação de serviço não referenciado em outro código do grupo Transporte Municipal, prestado por profissional autônomo.
a6ceb4be-f123-45e8-bd9f-e7068267bd58	02501	Serviços de programação visual, comunicação visual e congêneres.
a72c8d32-3839-9227-14ad-1bfd4bf01f3a	08494	Barbearia, cabeleireiros, manicuros, pedicuros e congêneres.
a7f1b9f3-2e37-7021-3f8f-85620a700120	01872	Nucleação e bombardeamento de nuvens e congêneres.
a8a737e0-1aa6-0e3f-389e-039b91239026	04260	Acupuntura.
a9ada47f-bd66-4c09-584d-a227ab38aacc	01740	Florestamento, reflorestamento, semeadura, adubação e congêneres.
aab91358-e364-40da-a7d3-4f3f96e679d6	06794	Fonografia ou gravação de sons, inclusive trucagem, dublagem, mixagem e congêneres.
aadb1e28-64ee-d791-d4bd-4666d65ffac1	05134	Psicólogo, clínico ou não (profissional autônomo).
ab183fcd-833e-25e5-bf98-9e241b8780ab	08842	Serviços de artistas, atletas, modelos e manequins.
abcd21be-94a4-a4e1-916f-64590a4859d2	05873	Emissão, reemissão e fornecimento de avisos, comprovantes e documentos em geral; abono de firmas; coleta e entrega de documentos, bens e valores; comunicação com outra agência ou com a administração central; licenciamento eletrônico de veículos; transferê
ac3f1eb0-de1a-ce60-6850-ad4745db100c	07870	Vigilância, segurança ou monitoramento de bens e pessoas.
acf6f111-0b55-c8c7-da0d-32ceca78e645	02020	Perícias, laudos, exames técnicos e análises técnicas, sem exigência de formação em nível superior (profissional autônomo).
ae167621-0bf0-1d8f-9307-c2635c3485a9	08087	Espetáculos circenses.
ae7a94d8-36ce-62d1-2742-62875ab72758	07498	Conserto, restauração, manutenção e conservação de máquinas, aparelhos, equipamentos, motores, elevadores ou de quaisquer outros objetos, exceto veículos (exceto peças e partes empregadas, que ficam sujeitas ao ICMS).
aff92307-0fa6-a059-1005-c725ed84597c	05880	Custódia em geral, inclusive de títulos e valores mobiliários.
b1eae368-dba8-4a03-7ac6-956f8cd87de5	08516	Esteticistas, tratamento de pele, depilação e congêneres.
b22428e0-a38b-4303-425a-ad138f019560	01121	Aerofotogrametria (inclusive interpretação), cartografia, mapeamento, levantamentos topográficos, batimétricos, geográficos, geodésicos, geológicos, geofísicos e congêneres, no caso de serviços prestados na construção do Estádio sede da abertura da Copa do Mundo FIFA 2014.
b36dce18-c11f-6152-9f40-1e15a36de411	08478	Distribuição e venda de cartelas, sorteios ou prêmios em bingos, telebingos e assemelhados.
b37d5596-8073-fad6-2827-5ddda8ad6a18	02684	Processamento, armazenamento ou hospedagem de dados, textos, imagens, vídeos, páginas eletrônicas, aplicativos e sistemas de informação, entre outros formatos, e congêneres
b395407d-936e-68be-da64-e701e5f388f8	02526	Repórter, assessor de imprensa, jornalista e relações públicas (profissional autônomo).
b3b7af12-c21d-69f8-09d8-5699294d9d57	08079	Exibições cinematográficas.
b57f8a21-8b42-3a27-e8e0-91fd7a691195	01139	Jardinagem, inclusive corte e poda de árvores (profissional autônomo).
b6fd993e-5272-7e56-8954-e619fa1bd8af	06319	Agente, corretor ou intermediário de bens móveis ou imóveis, não abrangidos em outros itens ou subitens, inclusive aqueles realizados no âmbito de Bolsas de Mercadorias e Futuros, por quaisquer meios (profissional autônomo).
b72feebc-f025-a604-ca46-8f0373a7499c	02542	Prestação de serviço não referenciado em outro código do grupo Mercadologia e Comunicação, prestado por profissional autônomo.
b7a60d93-eed2-11e6-a8ba-22000bf2c5e8	06298	Agenciamento, corretagem ou intermediação de bens móveis, não abrangidos em outros itens ou subitens, por quaisquer meios
b7c583f5-a6ef-471f-56e3-bbcf461ce9e1	06149	Corretor de seguros (profissional autônomo).
b7e868a4-7939-6718-7e60-e2a3c168b84e	04723	Dentista (profissional autônomo).
b8ac2c8b-6a5a-cd4d-79be-ff36128e915d	01856	Topógrafo (profissional autônomo).
b8df8360-3394-e872-7d00-362fd016ea5b	05835	Administração de carteira de clientes, de cheques pré-datados e congêneres.
ba320896-1534-4a36-68c5-7f8f9d2ddcb3	04421	Fisioterapeuta (profissional autônomo).
ba46de74-80ac-eaf6-abf9-fc88db8fa094	05223	Bancos de sangue, leite, pele, olhos, óvulos, sêmen e congêneres.
bac639ee-86a3-476b-cdea-f0cf3058a3e0	01015	Execução, por administração, empreitada ou subempreitada, de obra hidráulica e de outras obras semelhantes, inclusive sondagem, perfuração de poços, escavação, drenagem e irrigação (exceto o fornecimento de mercadorias produzidas pelo prestador de serviço
bb484a4e-7d1c-ce1d-d2f3-1e0219a1d9f9	01114	Execução, por administração, empreitada ou subempreitada, de obras de construção civil, elétrica e de outras obras semelhantes, e respectivos serviços auxiliares ou complementares, inclusive terraplanagem, pavimentação, concretagem e a instalação e montagem de produtos, peças e equipamentos que se agreguem ao imóvel (exceto o fornecimento de mercadorias produzidas pelo prestador de serviços fora do local da prestação dos serviços, que fica sujeito ao ICMS), no caso de serviços prestados na construção do Estádio sede da abertura da Copa do Mundo FIFA 2014.
bba1fd1b-d046-4c58-aed4-b0f7cd8d6593	06817	Reprografia, microfilmagem e digitalização.
bba7df91-2641-bc89-ef34-fed0a58ef756	05142	Psicologia, clínica ou não (regime especial - sociedade).
bbd01f63-f81e-9c85-1315-d01e90c657c0	07390	Lubrificação, lavagem e limpeza de veículos, inclusive automáticas, em postos de gasolina.
bce9504f-863d-f168-565a-bd21ed980e72	03212	Administração de imóveis.
bd0ccfd1-b28d-dd5a-53d9-04a62650431f	07447	Carga e recarga de aparelhos, equipamentos e objetos de quaisquer natureza.
bd24f026-db75-0acd-9f08-51cf0420a780	01546	Engenharia, agronomia, arquitetura, urbanismo e congêneres (regime especial - sociedade).
bd7a922f-472b-a550-6c0b-99b881131217	08338	Divertimento eletrônico, inclusive vitrola automática, cabines privê, computadores, videogames, videokê e demais equipamentos acionados por fichas, cartões, ou quaisquer outros dispositivos.
bdedce8a-a6b2-81dc-6a06-a3c2679c1f21	02534	Serviços de reportagem, assessoria de imprensa, jornalismo e relações públicas.
bfbf1aa7-c06f-1a01-81a2-f5f0c4337f87	02151	Serviços técnicos em edificações, eletrônica, eletrotécnica, mecânica, telecomunicações e congêneres.
c0398d54-ef2e-70f5-1097-d3200c411c8b	03751	Apresentação de palestras, conferências, seminários e congêneres.
c1174f86-8299-98f3-bd5e-5be4964a8beb	07196	Organização de festas e recepções; bufê (exceto o fornecimento de alimentação e bebidas, que fica sujeito ao ICMS).
c138bf44-285e-fdc7-4dd4-99cfbe8a5446	01236	Recuperação, raspagem, polimento e lustração de pisos e congêneres.
c1e54c27-bd13-903e-458c-3fc605ae47a9	05895	Serviços relacionados a pagamentos, por meio eletrônico, realizados por facilitadores de pagamento.
c2f798b6-8c6e-9f18-ec99-73258e55f54b	05820	Administração de cartão de crédito ou débito e congêneres, inclusive os serviços de credenciamento, de administração da rede de estabelecimentos e de captura e transmissão das transações.     (NOTA 9)
c2f7ff29-23e1-8f9f-31f0-ec868b049333	08133	Shows, bailes, desfiles, festivais e congêneres.
c34c95a5-c985-8d4c-a43a-0358dd733048	07854	Guarda e estacionamento de aeronaves e de embarcações.
c3bfe4b9-454f-e8bf-1aff-3c78e939e281	05892	Emissão, reemissão, liquidação, alteração, cancelamento e baixa de ordens de pagamento, ordens de crédito e similares, por qualquer meio ou processo; serviços relacionados à transferência de valores, dados, fundos, pagamentos e similares, inclusive entre contas em geral, realizados pela Bolsa de Valores, Mercadorias e Futuros - BM&FBOVESPA S.A.
c402389a-e8a7-5580-d744-e9d48e3d7a8b	03719	Estatística.
c6a65441-88c4-bf75-48c1-8098ac91aba3	01116	Reparação, conservação e reforma de edifícios, estradas, pontes, portos e congêneres (exceto o fornecimento de mercadorias produzidas pelo prestador dos serviços, fora do local da prestação dos serviços, que fica sujeito ao ICMS), no caso de serviços prestados na construção do Estádio sede da abertura da Copa do Mundo FIFA 2014
c8a66c91-7f26-b8e5-2060-92db99c2b135	06599	Cremação de corpos e partes de corpos cadavéricos.
c92932e7-9231-2cb2-5285-9a89eb7ff5c5	06610	Manutenção e conservação de jazigos e cemitérios.
c9741870-c4f5-b72f-6d4f-eed5104eceb2	05711	Ensino superior, cursos de pós-graduação, mestrado, doutorado, pós-doutorado.
c9c6e510-9985-9bdb-ab77-59bda75a4ba7	03123	Tradução e interpretação.
caac2618-3348-1c8b-cc97-abb9f95d85e1	07170	Planejamento, organização e administração de feiras, exposições, congressos e congêneres (profissional autônomo).
cab58b2e-dec7-3ff9-26fa-935f90ed94e1	06530	Leilão e congêneres.
cafa5f81-c568-341b-8726-4d2a1c59b7dd	04138	Análises clínicas, radioterapia, quimioterapia, ultra-sonografia, ressonância magnética, radiologia, tomografia e congêneres.
cb74ce21-cc6c-5620-f1b3-fbbf991a0005	03700	Economistas (regime especial - sociedade).
cd5feab1-e047-eac3-b0ca-4fafa6e89b97	04030	Medicina e biomedicina.
cdeb6b10-e42d-8e9f-baf2-69dfeabda86b	02682	Processamento de dados, outros serviços de informática não referenciados em outro código do grupo Jurídicos, Econômicos e Técnico-Administrativo e congêneres.
ce103eae-4cde-8ef1-af78-3d140559ded7	04146	Análises clínicas, patologia, eletricidade médica, radioterapia, quimioterapia, ultra-sonografia, ressonância magnética, radiologia, tomografia e congêneres (profissional autônomo).
cea7a4ff-00db-8a05-711e-4be88eec496e	02038	Análise de Organização e Métodos.
ceaab8a7-1297-5c33-f2cf-fd81aad777ae	04383	Serviços farmacêuticos.
cebed8bb-9f25-a023-ea42-82048b7d8e91	05882	Fornecimento, emissão, reemissão, renovação e manutenção de cartão magnético, cartão de crédito, cartão de débito, cartão salário e congêneres.
cf34417f-3402-c9eb-6e32-2f728880b722	07790	Locação, sublocação, arrendamento, direito de passagem ou permissão de uso, compartilhado ou não, de ferrovia, rodovia, postes, cabos, dutos e condutos de qualquer natureza.
cf402c10-32bb-461f-f4a6-14aef8e6ecc4	06084	Agenciamento ou intermediação de seguros.
cf8960f4-1590-b06f-3da6-845f361da8e1	05517	Unidade de atendimento, assistência ou tratamento móvel e congêneres, na área veterinária.
cfade442-3fee-c4b4-9d5c-a04ea7f2026c	04359	Enfermagem, inclusive serviços auxiliares (regime especial-sociedade).
cff65e63-3eeb-e7cf-e69d-9691d5e9f3e4	02447	Transporte de bens ou valores, dentro do território do Município (inclusive transporte de veículos).
d07702f7-a961-ec94-698f-69f045047afe	01119	Acompanhamento e fiscalização da execução de obras de engenharia, arquitetura e urbanismo, no caso de serviços prestados na construção do Estádio sede da abertura da Copa do Mundo FIFA 2014.
d1ad91a3-c114-b02c-a1e7-fe718ca6eeb3	07978	Serviços de terminais rodoviários, ferroviários, metroviários, movimentação de passageiros, mercadorias, inclusive suas operações, logística e congêneres.
d1c34848-26bd-53d0-4e1a-4f66293f9a8c	02431	Transporte de pessoas, por qualquer meio, dentro do território do município.
d1dbffb9-8c25-ff1e-9bfa-9aa795e5670d	07773	"Exploração de salões de festas, centro de convenções, escritórios virtuais, ""stands"", quadras esportivas, estádios, ginásios, auditórios, casas de espetáculos, parques de diversões, canchas e congêneres, para realização de eventos ou negócios de qualquer "
d1fb5f35-2556-d83f-afd0-9839e6915c7e	07552	Retífica e recondicionamento de motores (exceto peças e partes empregadas, que ficam sujeitas ao ICMS).
d2435943-3464-bfc9-e2d0-47d8f9c7235b	05681	Professor de ensino regular pré-escolar, fundamental e médio, inclusive cursos profissionalizantes (profissional autônomo).
d26c1046-9419-297c-f4af-cc6bc95f6299	06831	Colocação de molduras e congêneres.
d2a0d0ba-acc4-ac53-c472-7df3fafb9272	06564	Cobranças e recebimentos por conta de terceiros, protestos de títulos, sustação de protestos, devolução de títulos não pagos, manutenção de títulos vencidos, fornecimentos de posição de cobrança ou recebimento e outros serviços correlatos (exceto serviços
d4355220-150d-7892-a54b-cc130473094f	01059	Reparação, conservação e reforma de edifícios, estradas, pontes, portos e congêneres (exceto o fornecimento de mercadorias produzidas pelo prestador dos serviços, fora do local da prestação dos serviços, que fica sujeito ao ICMS). Exclusivo para o ISS – “Habite-se”.
d43b0ed4-a013-7026-6ed6-727399e5aaa3	01864	Pesquisa, perfuração, cimentação, mergulho, perfilagem, concretação, testemunhagem, pescaria, estimulação e outros serviços relacionados com a exploração e explotação de petróleo, gás natural e de outros recursos minerais.
d4874d7f-91b9-ab36-2c15-d76ac2e449af	06092	Agenciamento, corretagem ou intermediação de cartões de crédito.
d5afc9c1-8b68-d39b-3956-7165bcc79243	04278	Acupunturista (profissional autônomo).
d5db5550-db91-b04b-e26e-92a7109db44b	02961	Disponibilização, sem cessão definitiva, de conteúdos de imagem e texto por meio da internet, respeitada a imunidade de livros, jornais e periódicos (exceto a distribuição de conteúdos pelas prestadoras de Serviço de Acesso Condicionado, de que trata a Lei no 12.485, de 12 de setembro de 2011, sujeita ao ICMS)
d7209d3a-142a-d795-c12d-16b286ba963b	04154	Análises clínicas, patologia, eletricidade médica, radioterapia, quimioterapia, ultra-sonografia, ressonância magnética, radiologia, tomografia e congêneres (regime especial - sociedade).
d7330a9b-108d-14ef-3ab6-f9bcccbe63cb	06114	Agenciamento, corretagem ou intermediação de planos de saúde.
d7f104f1-d716-e7e7-cdbb-5831772e2cbc	04472	Fonoaudiologia.
d8310faa-9923-3f5c-36a9-bdf9c32d3b39	03115	Assessoria ou consultoria de qualquer natureza, não contida em outros itens desta lista.
d8868368-3c06-b4bd-cefa-59af2736726d	05851	"Arrendamento mercantil (""leasing'^ de quaisquer bens, inclusive cessão de direitos e obrigações, substituição de garantia, alteração, cancelamento e registro de contrato, e demais serviços relacionados ao arrendamento mercantil (""leasing"")."
d9b70e98-abe0-47e4-4382-1c0bc8b4c3b0	05428	Hospitais, clínicas, ambulatórios, prontos-socorros e congêneres, na área veterinária.
d9b93653-ddb4-8037-d52e-bfc3345aad57	01023	Execução, por administração, empreitada ou subempreitada, de obras de construção civil, elétrica e de outras obras semelhantes, e respectivos serviços auxiliares ou complementares, inclusive terraplanagem, pavimentação, concretagem e a instalação e montag
da7048ed-21a9-de3c-b27a-042f653475e1	07109	Agenciamento e intermediação de programas de turismo, passeios, viagens, excursões, hospedagens e congêneres
da86d355-cfb8-c3a1-7cb6-ea97fdac7c1f	03425	Auditor (profissional autônomo).
dbbeb49c-262a-1f74-ebdc-79067b459970	06956	Composição gráfica, inclusive composição de impressos gráficos, fotocomposição, clicheria, zincografia, litografia,fotolitografia, estereotipia, serigrafia e outras matrizes de impressão (profissional autônomo)
dc72c250-1c8d-3467-ec69-42b1529c89f5	06971	Prestação de serviço não referenciado em outro código do grupo Fotográficos, Cinematográficos, Reprográficos e Afins, prestado por profissional autônomo.
dc8866da-1e06-e8fe-9681-7c7e3326993a	05053	Protético (profissional autônomo).
dc9c1061-7a5f-b8b3-d68d-7f2947483ed9	06912	Artes gráficas, tipografia, diagramação, paginação e gravação.
dcbe1855-d478-4541-392c-e688a81bf081	02933	Planejamento, confecção, manutenção e atualização de páginas eletrônicas.
ddde8d56-1e4c-6fc8-4eca-7394051467f0	04189	Hospitais.
de487a6b-d43c-c610-5fdc-ec5b2914da7d	03743	"Assessoria, análise, avaliação, atendimento, consulta, cadastro, seleção, gerenciamento de informações, administração de contas a receber ou a pagar e em geral, relacionados a operações de faturização (""factoring"")."
dfdd7ff4-5310-0db3-6d57-2f953db628e6	05673	Ensino regular pré-escolar, fundamental e médio, inclusive cursos profissionalizantes.
e11f6f0f-07a0-3dca-68fa-bec2c9294548	08117	Parques de diversões, centros de lazer e congêneres.
e1e835e4-ec70-6109-1e9b-e280aa52ae76	01741	Florestamento, reflorestamento, semeadura, adubação, reparação de solo, plantio, silagem, colheita, corte e descascamento de árvores, silvicultura, exploração florestal e dos serviços congêneres indissociáveis da formação, manutenção e colheita de florestas, para quaisquer fins e por quaisquer meios
e20e060d-77e1-897f-e625-beb0187fc4f6	04073	Médico e biomédico (profissional autônomo).
e3a14943-1877-d719-65fb-b21c938fe333	07218	Recreação e animação, inclusive em festas e eventos de qualquer natureza.
e3bee75a-99f9-c633-7a05-158a1bdec9c7	07685	Prestação de serviço não referenciado em outro código do grupo Conservação e Limpeza e Reparação de Bens Móveis, prestado por profissional autônomo.
e40cca27-ffae-a961-c1ae-abc02c58abc2	07528	Sapateiro remendão (profissional autônomo).
e5081bdb-78df-8d36-d946-2cf73947c96e	06475	Recrutamento, agenciamento, seleção e colocação de mão-de-obra.
e50fb1ef-6022-0929-70da-4d734f9a6a3d	05193	"Inseminação artificial, fertilização ""in vitro"" e congêneres."
e5d80a24-a3b5-4336-dd66-e2b4da2e3659	06940	Composição gráfica, inclusive composição de impressos gráficos, fotocomposição, clicheria, zincografia, litografia, fotolitografia, estereotipia, serigrafia e outras matrizes de impressão
e67857ed-6d5f-11ec-8094-1284ec2508e9	06808	Fotografia e cinematografia, inclusive revelação, ampliação, cópia, retocagem, reprodução, trucagem e congêneres (inclusive para televisão).
e6aad596-fc5d-2c90-f65c-58c604a7ec98	05460	"Inseminação artificial, fertilização ""in vitro"" e congêneres, na área veterinária."
e6bff108-62f1-a24f-ec81-f8e783c2df5c	07137	Guias de turismo.
e721fc86-1ad3-4c17-703f-87b3505c9eb4	05410	Medicina veterinária e zootecnia (regime especial - sociedade).
e8d22400-57b7-663a-63dc-1988ce815a7e	05398	Médico veterinário e zootécnico (profissional autônomo).
e9c71ba7-5c1c-8911-06f1-83257405dbfa	03395	Auditoria.
eb3226ce-63b0-2881-e412-76b1ff910076	01325	Varrição, coleta, remoção, incineração, tratamento, reciclagem, separação e destinação final de lixo, rejeitos e outros resíduos quaisquer.
eb65d384-321f-7bc5-231e-5ada049e3448	08656	Guardador, tratador, amestrador, embelezador, alojador e congêneres, relativos a animais (profissional autônomo).
ebbbd078-cba1-ff9b-673d-757d70de378f	07123	Organização, promoção e execução de programas de turismo, passeios, viagens, excursões, hospedagens e congêneres
ec20b0c2-7081-b197-50c0-4e121bb48b50	05889	Custódia em geral, inclusive de títulos e valores mobiliários.
ec324881-fa25-72bb-b8ae-516d8d3f0efb	07161	Planejamento, organização e administração de feiras, exposições, congressos e congêneres.
ec674834-21bb-0cde-c3c6-17596f402feb	02350	Transporte por táxi (profissional autônomo).
edaaa66d-8902-5c9c-8e6c-ccd049e07c93	04251	Instrumentação cirúrgica.
eebbbbcd-b160-c673-118b-bab99c115348	08290	Competições esportivas - Grande Prêmio Brasil de Fórmula 1. Quando prestado por contribuinte não estabelecido no Município de São Paulo.
ef30d4fd-7e2d-d862-d6cf-a4e08dfa1a91	01589	Agrimensura, geologia e congêneres.
ef8085ff-6cd3-837c-15c9-d68007aa7baf	03205	Fornecimento e administração de vales-refeição, vales-alimentação, vales-transporte e similares, via emissão impressa ou carregados em cartões eletrônicos ou magnéticos, ou outros oriundos de tecnologia adequada.
f0057eda-2b4d-6032-b0ab-170c0377093b	05118	Psicologia.
f0e124f3-663b-8ee5-a057-6ad4ccbcb15f	07110	Agente, organizador, promotor, intermediário e executor de programas de turismo, passeios, viagens, excursões, hospedagens e congêneres (profissional autônomo).
f11cef92-e38e-4a87-6472-26e262c59f1f	08659	Aplicação de tatuagens, piercings e congêneres (profissional autônomo)
f1b2c571-bfc2-61a5-955c-dd14f28f99d5	01105	Carpintaria e serralheria (profissional autônomo).
f1c1bd03-d6f2-4b77-17fd-322455a7c2a9	01228	Colocação e instalação de tapetes, carpetes, assoalhos, cortinas, revestimentos de parede, vidros, divisórias, placas de gesso e congêneres, com material fornecido pelo tomador do serviço.
f24037ad-0881-1bb9-877c-db1fa830fbb4	06157	Agenciamento, corretagem ou intermediação de títulos em geral, valores mobiliários e contratos quaisquer.
f2c22a11-c75c-8329-a6c5-5f457f32d570	02321	Transporte público de passageiros, realizado pela Companhia do Metropolitano de São Paulo - METRÔ.
f2d554d2-a36f-0732-09f7-fafa6fdc63ec	02918	Suporte técnico em informática, inclusive instalação, configuração e manutenção de programas de computação e bancos de dados. (profissional autônomo).
f2eba303-e392-235a-d744-55868e7a7ed8	02692	Elaboração de programas de computadores (software), inclusive de jogos eletrônicos, independentemente da arquitetura construtiva da máquina em que o programa será executado, incluindo tablets, smartphones e congêneres
f320a651-eee7-c402-3ef9-3e75dbe2e5dc	05877	Serviços relacionados a pagamentos em geral, de títulos quaisquer, de contas ou carnês, de câmbio, de tributos e por conta de terceiros, inclusive os efetuados por meio eletrônico, automático ou por máquinas de atendimento; emissão de carnês.
f5619f04-8f37-911f-fc77-259cf5996854	06238	"Agenciamento, corretagem ou intermediação de contratos de faturização (""factoring"")."
f56293eb-bf9e-1bce-ac23-3171c46f09a3	07595	Alfaiataria, costura e congêneres, quando o material for fornecido pelo usuário final, exceto aviamento.
f59ddd25-4394-01b3-7e95-c736960994c8	07439	Lubrificação, limpeza, revisão de máquinas, aparelhos, equipamentos, motores, elevadores e objetos de qualquer natureza, exceto veículos.
f5aa0808-8eaa-f6b2-6e2f-b9673092b89c	02879	Assessoria e consultoria em informática.
f5b2620a-6441-68d8-332d-56cf36ae7518	01244	Calafetação.
f6cfd3b3-f851-9892-2de0-522a0ada1e12	07455	Conserto, restauração, manutenção, conservação e pintura de veículos, exceto os serviços executados por concessionária ou revendedor autorizado (exceto peças e partes empregadas, que ficam sujeitas ao ICMS).
f77b9f2d-0121-95ef-a39f-03a992581ad2	07099	Hospedagem em apart-service condominiais, flat, apart-hotéis, hotéis residência, residence-service, suite service e congêneres.
f7ab7557-1740-1d80-bb20-d1fa0be13a0e	06335	Agenciamento marítimo.
f8452ef6-3fda-6b1c-6dbb-971b73c8220f	07803	Cessão de andaimes, palcos, coberturas e outras estruturas de uso temporário.
f87396c5-c0d2-b381-5257-70cd4c4f75d0	02685	Outros serviços de informática não referenciados em outro código do grupo Jurídicos, Econômicos e Técnico-Administrativo e congêneres (profissional autônomo).
f885394e-3f92-5528-a541-3b62640f6fb7	07641	Tapeçaria e reforma de estofamentos em geral.
f8d1b752-77f5-e356-f18d-cedd7013a9a4	07774	"Exploração de """"stands"""" e centros de convenções para a promoção de feiras, exposições, congressos e congêneres."
f8f81ba7-d44c-a4ba-ad41-dfbafeee7e1c	03654	Consultoria e assessoria econômica ou financeira.
f9967293-033e-e317-92cb-636cfbe0a50d	05720	Professor de ensino superior, inclusive cursos de graduação, pós-graduação, mestrado, doutorado, pós-doutorado e demais cursos seqüenciais (profissional autônomo).
fa4e8620-b794-af02-b365-0921ec1ab1a9	02962	Disponibilização, sem cessão definitiva, de conteúdos de áudio por meio da internet (exceto a distribuição de conteúdos pelas prestadoras de Serviço de Acesso Condicionado, de que trata a Lei no 12.485, de 12 de setembro de 2011, sujeita ao ICMS)
fbcd5be5-25ee-45a0-232e-f80e1cdd0832	07951	Serviços portuários, ferroportuários, utilização de porto, movimentação de passageiros, reboque de embarcações, rebocador escoteiro, atracação, desatracação, serviços de praticagem, capatazia, armazenagem de qualquer natureza, serviços acessórios, movimen
fc085f94-c4bb-34a2-25bf-c96b4364c9af	08176	Feiras, exposições, congressos e congêneres.
fde5eae5-ed16-15fd-cdcb-9c52a2354493	07111	Agenciamento e intermediação de programas de turismo, passeios, viagens, excursões, hospedagens e congêneres (profissional autônomo)
feb8076f-e3de-98cc-8b54-37893b5e877c	02410	Transporte de escolares (profissional autônomo).
ff057caf-4063-9075-509f-a2413082d63c	08273	Prestação de serviço de Diversões Públicas, prestado por contribuinte não estabelecido no Município de São Paulo.
ff8e7fa8-35e6-07e7-4a36-11aef9ff0fbf	06173	Agenciamento, corretagem ou intermediação de direitos de propriedade industrial (inclusive marcas e patentes), artística ou literária.
